MembershipID,FirstName,LastName,Phone1,Phone2,Email,SubscriptionType,Join date,EffectiveDate 
EB54EF1154C3A78,Heather,Callahan,2485171477,2485478951,urangel@espinoza-francis.net,Base,2020-08-26,2024-10-15 00:00:00
10dAcafEBbA5FcA,Kristina,Ferrell,2485171478,2485478952,xreese@hall-donovan.com,Premium,2020-04-27,2024-10-15 00:00:00
67DAB15Ebe4BE4a,Briana,Andersen,2485171479,2485478953,haleybraun@blevins-sexton.com,Standard,2022-03-22,2024-10-15 00:00:00
6d350C5E5eDB4EE,Patty,Ponce,2485171480,2485478954,hohailey@anthony.com,Family,2020-07-02,2024-10-15 00:00:00
5820deAdCF23EFe,Kathleen,Mccormick,2485171481,2485478955,alvaradojesse@rangel-shields.com,Seasonal,2021-01-17,2024-10-15 00:00:00
E1CDEaC63fDd5aA,Trevor,Lee,2485171482,2485478956,briangriffin@chang.org,VIP,2021-08-13,2024-10-15 00:00:00
3e1187fCcebC8d2,Mathew,Hoffman,2485171483,2485478957,bauergerald@morrison.com,Seasonal,2020-04-09,2024-10-15 00:00:00
47C5cEE243c9A7b,Glenn,Wiggins,2485171484,2485478958,changkellie@howell.com,VIP,2021-04-02,2024-10-15 00:00:00
cacaD68a5e4BF4b,Bruce,Payne,2485171485,2485478959,mayerjerome@hurst-graham.net,Seasonal,2020-11-26,2024-10-15 00:00:00
436b9c41cfb1fa3,Brendan,Franco,2485171486,2485478960,kentryan@stone-oneill.com,VIP,2021-06-29,2024-10-15 00:00:00
9653ca648e2E414,Martin,Hawkins,2485171487,2485478961,danielbuckley@hatfield.info,Seasonal,2021-05-02,2024-10-15 00:00:00
e586A2D67bcdB48,Sara,Shaffer,2485171488,2485478962,gabrielaleach@rose.net,VIP,2021-04-07,2024-10-15 00:00:00
c388ECa44FFe37c,Dave,Moran,2485171489,2485478963,cartermallory@chung.com,Base,2020-02-28,2024-10-15 00:00:00
f8dddbf9CD6FF92,Glen,Hammond,2485171490,2485478964,lweeks@hooper.org,Premium,2022-03-03,2024-10-15 00:00:00
86Df56BFCc0a7CA,Catherine,Blackwell,2485171491,2485478965,calhounalisha@hardin.net,Standard,2021-03-30,2024-10-15 00:00:00
2cfDE68A372cC7A,Larry,Newton,2485171492,2485478966,ypayne@gaines.biz,Base,2020-08-09,2024-10-15 00:00:00
14CBc0BDfbE6FEA,Danny,Archer,2485171493,2485478967,nwu@brady-chen.com,Premium,2021-05-21,2024-10-15 00:00:00
48b3ACBfD6A5cdC,Kim,Griffin,2485171494,2485478968,harold11@mullen.org,Premium,2021-06-02,2024-10-15 00:00:00
dB52fA7Bec665C1,Kristin,Valencia,2485171495,2485478969,andrewsanders@marks.com,Family,2021-04-17,2024-10-15 00:00:00
e99DcfDaDac8a06,Hannah,Ramsey,2485171496,2485478970,amy99@booker.com,Seasonal,2020-12-30,2024-10-15 00:00:00
28D7BcC82d076F2,Barry,Meadows,2485171497,2485478971,basschristian@faulkner.com,VIP,2020-01-01,2024-10-15 00:00:00
Beb0D2e4BA54a51,Roy,Brock,2485171498,2485478972,ldelacruz@spence.com,Seasonal,2021-06-27,2024-10-15 00:00:00
EFe791B6Ce06A1A,Patricia,Pope,2485171499,2485478973,hayleyritter@price.net,Base,2020-05-19,2024-10-15 00:00:00
Ebe45ac4Ae5e20C,Alan,Stanton,2485171500,2485478974,yhebert@hays-rivera.com,Premium,2020-01-23,2024-10-15 00:00:00
E31a9699DF2A0eF,Philip,Flynn,2485171501,2485478975,austinhobbs@briggs.com,Standard,2020-09-05,2024-10-15 00:00:00
0748BdEFeb4834F,Mackenzie,Williamson,2485171502,2485478976,zramos@haney.org,Family,2020-03-06,2024-10-15 00:00:00
fEB05baEc5ba41d,Emily,Calderon,2485171503,2485478977,shelley82@jarvis.com,Base,2021-06-17,2024-10-15 00:00:00
b9B3B5f1ba40FD3,Roberta,Walton,2485171504,2485478978,sharigriffin@cameron.com,Premium,2020-11-15,2024-10-15 00:00:00
Fc0Bb9CEbeE57b0,Steve,Mack,2485171505,2485478979,rpace@huynh.com,Standard,2021-03-01,2024-10-15 00:00:00
B5e2c7Cc5b2D5C0,Pedro,Jacobson,2485171506,2485478980,emullins@simpson-christensen.com,Family,2021-09-02,2024-10-15 00:00:00
3D72031D22EB2aC,Daniel,Harper,2485171507,2485478981,patricialeach@hernandez.biz,Seasonal,2020-07-06,2024-10-15 00:00:00
84d3FaE8D176217,Danny,Mayer,2485171508,2485478982,mindy15@fuentes.org,VIP,2020-07-15,2024-10-15 00:00:00
942FAAB8898c6Fc,Jasmine,Owens,2485171509,2485478983,jake39@little.com,Seasonal,2022-01-02,2024-10-15 00:00:00
F0EdAbc86aac953,Ashley,Davies,2485171510,2485478984,mhudson@hardin.com,VIP,2021-03-09,2024-10-15 00:00:00
2f4976cc8F8Cf7D,Shawn,Cruz,2485171511,2485478985,nlane@kane-pennington.com,Seasonal,2022-05-03,2024-10-15 00:00:00
fDbB79FAB142707,Francis,Hubbard,2485171512,2485478986,savannah10@simpson.com,VIP,2021-03-17,2024-10-15 00:00:00
E75a5870e952cd6,Richard,Bennett,2485171513,2485478987,cristian16@hill-beard.com,Seasonal,2021-01-12,2024-10-15 00:00:00
4C8E6AA7Ced5BAF,Vanessa,Hansen,2485171514,2485478988,jasmineaustin@whitehead.info,VIP,2020-01-14,2024-10-15 00:00:00
ec75Fb9C6A0DcF1,Joyce,Foster,2485171515,2485478989,samuel97@wyatt.com,Base,2020-10-29,2024-10-15 00:00:00
C2378a0b119b425,Marc,Medina,2485171516,2485478990,karlgarrett@fischer.biz,Premium,2020-03-02,2024-10-15 00:00:00
53D27CbE3b3CAf7,Darren,Santana,2485171517,2485478991,biancahenry@hernandez.org,Standard,2021-06-11,2024-10-15 00:00:00
3bcBa3CBB7EF52c,Mario,Moreno,2485171518,2485478992,marisa13@hickman.com,Base,2022-02-12,2024-10-15 00:00:00
DFcebf7063e11ac,Daniel,Bush,2485171519,2485478993,billymorris@lambert-irwin.com,Premium,2020-02-13,2024-10-15 00:00:00
fdd4F120dFFaaBA,Vanessa,Davenport,2485171520,2485478994,barry91@howe.info,Premium,2020-05-10,2024-10-15 00:00:00
FA9584DEE86bBbE,Donald,Terry,2485171521,2485478995,kdavies@owen-humphrey.info,Family,2021-01-04,2024-10-15 00:00:00
fF8bc9C72D6c38b,Jill,Esparza,2485171522,2485478996,gregghendricks@conner-weiss.info,Seasonal,2020-09-24,2024-10-15 00:00:00
6ADbBf35FBb6ebc,Tyler,Richard,2485171523,2485478997,alfredbradford@perry.com,VIP,2022-04-17,2024-10-15 00:00:00
a75eDF85cC17DfB,Sonya,Moore,2485171524,2485478998,ngilmore@bush.net,Seasonal,2021-12-25,2024-10-15 00:00:00
E95Ce6e2d241660,Jonathon,Gillespie,2485171525,2485478999,vgilbert@romero.biz,Base,2020-06-23,2024-10-15 00:00:00
3E4Ac207eAE0d2E,Ryan,Lin,2485171526,2485479000,dgould@graham-winters.com,Premium,2021-10-06,2024-10-15 00:00:00
cFB0d4B976ef0Ca,Joel,Thomas,2485171527,2485479001,fsuarez@cooper-montes.biz,Standard,2021-10-21,2024-10-15 00:00:00
a0eb3D0bDcfB8Bd,Judith,Fischer,2485171528,2485479002,natasha83@delacruz-edwards.com,Family,2020-01-26,2024-10-15 00:00:00
A8205E5c66709D5,Roy,West,2485171529,2485479003,mbonilla@hampton.com,Base,2020-01-22,2024-10-15 00:00:00
047653F3f21E8B3,Rebekah,Morton,2485171530,2485479004,basskaylee@lynn-gill.biz,Premium,2021-08-19,2024-10-15 00:00:00
83d9accaD6AFBF9,Jeremy,Guerra,2485171531,2485479005,lfaulkner@villanueva.com,Standard,2022-05-12,2024-10-15 00:00:00
95CA5DdFfd2279E,Brett,Shelton,2485171532,2485479006,maystiffany@davidson.com,Family,2022-04-21,2024-10-15 00:00:00
a0003BeCa9da94D,Gilbert,Meza,2485171533,2485479007,katie69@romero.net,Seasonal,2020-11-12,2024-10-15 00:00:00
fcC8D0ea0ace725,Kurt,Tapia,2485171534,2485479008,valerie35@olsen.com,VIP,2020-10-11,2024-10-15 00:00:00
F6De59D2A51BBbE,Sarah,Powell,2485171535,2485479009,ivanhiggins@charles-estrada.com,Seasonal,2021-09-30,2024-10-15 00:00:00
30Cb5c2C58061ef,Andrea,Irwin,2485171536,2485479010,xcallahan@cantu.com,VIP,2021-06-26,2024-10-15 00:00:00
b365Aae63b2916B,Aimee,Hodge,2485171537,2485479011,melvindrake@friedman-bradley.com,Seasonal,2021-10-22,2024-10-15 00:00:00
43f683C3361eb65,Doris,Drake,2485171538,2485479012,carpentergary@vance-weeks.com,VIP,2022-03-03,2024-10-15 00:00:00
5C533BB11bc8BDD,Randy,Tran,2485171539,2485479013,duartejohnathan@pennington.com,Seasonal,2020-09-02,2024-10-15 00:00:00
6b3cbCf4dc29720,Allison,Webster,2485171540,2485479014,zbrock@blevins-payne.com,VIP,2020-03-10,2024-10-15 00:00:00
DC63a02BDa14af4,Nicholas,Mcclure,2485171541,2485479015,phelpsandres@hartman-cooper.org,Base,2021-03-15,2024-10-15 00:00:00
d8cCD02E409D5F2,Gene,Wu,2485171542,2485479016,nataliefarley@richardson.com,Premium,2021-10-05,2024-10-15 00:00:00
Ca492c76A52Da9F,Kelli,Bridges,2485171543,2485479017,daisyblair@walsh-holmes.org,Standard,2021-12-05,2024-10-15 00:00:00
fA99aEF4eE28aD8,Summer,Washington,2485171544,2485479018,thomasnicholas@blankenship-ford.com,Base,2021-09-26,2024-10-15 00:00:00
B5F6D5dB5eBDfcE,Ann,Ayala,2485171545,2485479019,hburke@duke-mcmahon.com,Premium,2020-12-05,2024-10-15 00:00:00
9bb3fF7Dfc04f9c,Alfred,Hooper,2485171546,2485479020,lonnielittle@hoffman-meadows.com,Premium,2020-03-15,2024-10-15 00:00:00
21C1a2E1e9Cf6cC,Brandon,Robbins,2485171547,2485479021,qmcdaniel@cruz.net,Family,2020-12-20,2024-10-15 00:00:00
eB53B2FaD51aeF7,Wesley,Cobb,2485171548,2485479022,austinvang@glenn.com,Seasonal,2021-06-22,2024-10-15 00:00:00
5Baa5DE49cA3d9B,Caleb,Salas,2485171549,2485479023,shortfrederick@cobb.net,VIP,2020-01-12,2024-10-15 00:00:00
C2f62DB8E8e0fAB,George,Long,2485171550,2485479024,yolanda69@rosario.com,Seasonal,2022-01-09,2024-10-15 00:00:00
592e432eBdCaa33,Taylor,Kemp,2485171551,2485479025,michaela80@russell.com,Base,2020-07-21,2024-10-15 00:00:00
eAEc7BAD1D2B9FA,Steve,Horn,2485171552,2485479026,ashley39@garrison.com,Premium,2020-02-26,2024-10-15 00:00:00
a54A4C6DDB7df29,Danielle,Spears,2485171553,2485479027,alan50@hobbs.info,Standard,2021-09-13,2024-10-15 00:00:00
BDCCEdccFd0FB6a,Jillian,Ortiz,2485171554,2485479028,hsantos@lopez.info,Family,2020-05-21,2024-10-15 00:00:00
e8f4b4D1FcF5Fc3,Joshua,Ortega,2485171555,2485479029,robbinsgordon@dyer-kim.info,Base,2021-09-29,2024-10-15 00:00:00
45c6AB9eF9d8ADd,Sherry,Cantu,2485171556,2485479030,meghanfernandez@patel-todd.com,Premium,2020-11-02,2024-10-15 00:00:00
7D8EFBe9cB0ceb9,Eric,Pittman,2485171557,2485479031,gabrielarobbins@hawkins-bernard.com,Standard,2020-09-05,2024-10-15 00:00:00
fCBFFE1D1D7EbFf,Wanda,Cowan,2485171558,2485479032,qlarson@berry.biz,Family,2021-09-24,2024-10-15 00:00:00
8Dde1eb3cf408B5,John,Chen,2485171559,2485479033,hmorgan@olson.com,Seasonal,2020-04-30,2024-10-15 00:00:00
3ACcE1d8aBB63ae,Francisco,Stanley,2485171560,2485479034,charlottemercer@hensley.net,VIP,2020-12-12,2024-10-15 00:00:00
C68542ae05DAC48,Dillon,Gallegos,2485171561,2485479035,escobarisabella@harrell-santiago.info,Seasonal,2020-10-13,2024-10-15 00:00:00
1bD2d3D04d9C9E8,Rebekah,Pruitt,2485171562,2485479036,jessica36@hart.com,VIP,2021-08-17,2024-10-15 00:00:00
21296ee3eE1Ff8a,Marcia,Vaughan,2485171563,2485479037,ellen80@bonilla.com,Seasonal,2020-10-22,2024-10-15 00:00:00
CD73bc8Fa7Be64E,Sierra,Bautista,2485171564,2485479038,chavezrandall@mckinney-stafford.net,VIP,2020-05-27,2024-10-15 00:00:00
5DC66d7c82fB027,Kevin,Chase,2485171565,2485479039,gravesgrace@molina.org,Seasonal,2020-06-23,2024-10-15 00:00:00
D064cF5496671B5,Ronnie,Hurley,2485171566,2485479040,hhuerta@morris-case.info,VIP,2021-04-25,2024-10-15 00:00:00
bA72ec0ec4fDA49,Justin,Huang,2485171567,2485479041,ydavid@potter.com,Base,2022-05-16,2024-10-15 00:00:00
b40Ff873cC39CaE,Phyllis,Cummings,2485171568,2485479042,colealexander@turner.biz,Premium,2020-09-20,2024-10-15 00:00:00
feABEd13C7DcEDD,Collin,Jackson,2485171569,2485479043,carpenterkylie@chambers-frost.com,Standard,2021-02-11,2024-10-15 00:00:00
D6bAddB76237B9F,Terry,Chapman,2485171570,2485479044,adrian55@gardner-gaines.com,Base,2022-04-14,2024-10-15 00:00:00
0fdCdc9c49C089A,Greg,Cortez,2485171571,2485479045,bonillaalex@cervantes.org,Premium,2021-03-20,2024-10-15 00:00:00
538Bdaef89F7672,Elaine,Hendrix,2485171572,2485479046,maureen18@barr.org,Premium,2020-12-24,2024-10-15 00:00:00
F231DF54939Fa4C,Marvin,Buchanan,2485171573,2485479047,ocole@sanders-lowery.net,Family,2020-04-22,2024-10-15 00:00:00
5EDb197afE9965F,Paul,Moore,2485171574,2485479048,spencerbright@powell.biz,Seasonal,2021-12-10,2024-10-15 00:00:00
4f0B0BdAEDeC2F8,Grant,Tanner,2485171575,2485479049,dawncoffey@barker.com,VIP,2022-05-15,2024-10-15 00:00:00
0eFf84b706a8DdB,Aimee,Sims,2485171576,2485479050,anthonyzuniga@tucker.com,Seasonal,2021-07-27,2024-10-15 00:00:00
ed69b06aC7c341d,Tammie,Strong,2485171577,2485479051,carrillokenneth@bowman-montoya.com,Base,2021-10-22,2024-10-15 00:00:00
c2F5BADEbdfE4cE,Lindsay,Mullins,2485171578,2485479052,mercedes11@floyd-hall.com,Premium,2021-07-24,2024-10-15 00:00:00
4D3dE82a5f98808,Cristian,Rush,2485171579,2485479053,dominguezparker@preston.net,Standard,2021-12-12,2024-10-15 00:00:00
6cDfAaf87cd992F,Terri,Hurst,2485171580,2485479054,vernonrush@harvey.com,Family,2020-06-30,2024-10-15 00:00:00
29A8E562DC75ede,Bobby,Collier,2485171581,2485479055,samantha34@mccarthy.com,Base,2020-04-11,2024-10-15 00:00:00
6B2f0ADf2b1bAd2,Misty,Sanchez,2485171582,2485479056,joconnor@cooley.com,Premium,2021-07-09,2024-10-15 00:00:00
0778d8Decad8147,Christine,Manning,2485171583,2485479057,toddmcmahon@beard-lambert.com,Standard,2021-01-24,2024-10-15 00:00:00
A38f5b4c6E7e358,Rachael,Forbes,2485171584,2485479058,veronicablankenship@pace.com,Family,2020-03-02,2024-10-15 00:00:00
b7CC9cA6676F4Ac,Jasmine,Ryan,2485171585,2485479059,swarren@buck-roach.com,Seasonal,2020-06-24,2024-10-15 00:00:00
9aAA56f50da169D,Yvette,Short,2485171586,2485479060,garymelton@petersen-lam.org,VIP,2020-01-03,2024-10-15 00:00:00
3bfEE48D2A38B98,Chad,Henry,2485171587,2485479061,mathisgloria@house-hamilton.org,Seasonal,2020-07-05,2024-10-15 00:00:00
36c67dEBCaFF9aF,Dustin,West,2485171588,2485479062,patrickfelicia@goodwin.org,VIP,2020-12-29,2024-10-15 00:00:00
D169531CeaC2D3E,Noah,Gallagher,2485171589,2485479063,hortonmiguel@mays-rivers.org,Seasonal,2021-02-06,2024-10-15 00:00:00
6AFE9e8b5dCEbA0,George,Wiley,2485171590,2485479064,preston76@house.com,VIP,2020-08-07,2024-10-15 00:00:00
5Dcfa64CE65C8aD,Ralph,Merritt,2485171591,2485479065,moneal@hudson.biz,Seasonal,2021-04-10,2024-10-15 00:00:00
Dc9fab1C577FdAB,Daryl,Mejia,2485171592,2485479066,beckyshaw@bradley-booth.com,VIP,2021-07-23,2024-10-15 00:00:00
057CcC3c4f31E5d,Monica,Alvarez,2485171593,2485479067,kanthony@osborne.com,Base,2020-08-30,2024-10-15 00:00:00
e3B3740CbBcCE7F,Alejandra,Berger,2485171594,2485479068,alexandraroy@juarez-kane.com,Premium,2020-05-23,2024-10-15 00:00:00
C14abbce3eCfEDf,Charles,Daniel,2485171595,2485479069,ckhan@underwood.net,Standard,2020-03-25,2024-10-15 00:00:00
dFEcFC7195E7CFB,Frank,Mueller,2485171596,2485479070,joe34@salazar.com,Base,2022-05-13,2024-10-15 00:00:00
2d3EE83ce44AbB2,Curtis,Middleton,2485171597,2485479071,vernon36@browning.info,Premium,2021-06-28,2024-10-15 00:00:00
bBB6Bb4194361cC,Holly,Fletcher,2485171598,2485479072,pammorales@james-benjamin.net,Premium,2021-03-17,2024-10-15 00:00:00
D7F4B32eD6BAE37,Samuel,Wong,2485171599,2485479073,paulcastaneda@burke.com,Family,2021-09-29,2024-10-15 00:00:00
b913E1515bFEDC3,Duane,Brock,2485171600,2485479074,sarahpotts@bradford.com,Seasonal,2020-05-07,2024-10-15 00:00:00
c319Fe2F9bBecc5,Kendra,Petersen,2485171601,2485479075,wwhite@perez.com,VIP,2021-09-12,2024-10-15 00:00:00
bADeB15D0B717cb,Warren,Fuller,2485171602,2485479076,orice@drake.com,Seasonal,2020-10-04,2024-10-15 00:00:00
9297bBC1Be63Fb6,Jeremiah,Klein,2485171603,2485479077,damon39@terrell.com,Base,2020-02-13,2024-10-15 00:00:00
Fb9eeb887CDBaFa,Glenn,Richards,2485171604,2485479078,watkinsevan@ward.biz,Premium,2021-12-20,2024-10-15 00:00:00
2f29BCB77f8702c,Austin,Fitzpatrick,2485171605,2485479079,meredith05@lawrence-shaw.com,Standard,2020-06-17,2024-10-15 00:00:00
ba2E28951F277dd,Kimberly,Gregory,2485171606,2485479080,lacey04@cross.com,Family,2021-10-28,2024-10-15 00:00:00
1ECAA049CCaAA7B,Brady,Mckay,2485171607,2485479081,travisfoley@brandt.com,Base,2021-05-25,2024-10-15 00:00:00
4C7a746f04E4a2A,Suzanne,Rhodes,2485171608,2485479082,hmccarty@sharp.biz,Premium,2022-01-15,2024-10-15 00:00:00
FcF1EEFABe6e012,Carolyn,Byrd,2485171609,2485479083,alisonsanders@durham.com,Standard,2020-04-26,2024-10-15 00:00:00
b3a280Ee8BD9b0D,Allison,Miller,2485171610,2485479084,bjordan@small-black.com,Family,2022-01-15,2024-10-15 00:00:00
3dFcB1a64c96bfA,Shaun,Marsh,2485171611,2485479085,damonhowe@larsen.org,Seasonal,2021-07-15,2024-10-15 00:00:00
7Fabd80A588Cfa7,Bryan,Paul,2485171612,2485479086,tasha85@wilson.biz,VIP,2021-11-27,2024-10-15 00:00:00
7E2dfC231d4EE0F,Jay,Oconnell,2485171613,2485479087,oneilldamon@spencer.com,Seasonal,2021-09-26,2024-10-15 00:00:00
da3ADA2cbcEA54F,Lorraine,Bradshaw,2485171614,2485479088,weaverclinton@zamora.org,VIP,2021-12-25,2024-10-15 00:00:00
Af91FB7ceC5E309,Joe,Chase,2485171615,2485479089,xtapia@hensley.info,Seasonal,2022-04-25,2024-10-15 00:00:00
D9FBd8BCD8ab701,Cameron,Crawford,2485171616,2485479090,fenglish@warner.net,VIP,2021-11-18,2024-10-15 00:00:00
13E06c3bcE30FCf,Daniel,Vance,2485171617,2485479091,brendanbarrera@gill-thornton.info,Seasonal,2022-04-17,2024-10-15 00:00:00
9CA366fCacA18Be,Ryan,Sanford,2485171618,2485479092,peggy95@park.info,VIP,2021-05-18,2024-10-15 00:00:00
68a6cBB89f251da,Stefanie,Singleton,2485171619,2485479093,kerriray@owen-stone.info,Base,2021-10-29,2024-10-15 00:00:00
91DBa3Eca1aBa1B,Kimberly,Sutton,2485171620,2485479094,nichole45@michael.org,Premium,2021-09-19,2024-10-15 00:00:00
03ca10Fd000ecee,Susan,Eaton,2485171621,2485479095,daltonrangel@prince.biz,Standard,2021-04-27,2024-10-15 00:00:00
3D03b126b10f401,Paula,Huff,2485171622,2485479096,vmyers@novak-delacruz.biz,Base,2021-08-01,2024-10-15 00:00:00
BffD8b78EB17aB6,Diamond,Pollard,2485171623,2485479097,weavermeagan@sampson.com,Premium,2020-03-02,2024-10-15 00:00:00
Cdcd04c2398FFfe,Rose,Hunter,2485171624,2485479098,hebertdarin@kidd.com,Premium,2020-03-22,2024-10-15 00:00:00
93Dc2FA13F8bab3,Casey,Miles,2485171625,2485479099,elizabethcopeland@morris-moss.info,Family,2021-09-17,2024-10-15 00:00:00
0DB73c78CF89038,Jennifer,May,2485171626,2485479100,cannonshirley@carson-dorsey.com,Seasonal,2021-09-08,2024-10-15 00:00:00
9A7a5d8254Fbd32,Kim,Garza,2485171627,2485479101,dana05@hester.net,VIP,2021-01-23,2024-10-15 00:00:00
B7C08CBAe87F63b,Monica,Brown,2485171628,2485479102,willie99@snyder.com,Seasonal,2021-09-08,2024-10-15 00:00:00
aa1CD1AD0CB4dEf,Tyler,Oconnell,2485171629,2485479103,lunakirsten@zimmerman-salinas.org,Base,2020-06-15,2024-10-15 00:00:00
378FafC9cD3e362,Eduardo,Garrett,2485171630,2485479104,marthaguerra@anderson.com,Premium,2020-04-30,2024-10-15 00:00:00
a24FdC2f2E8eddc,Christian,Bender,2485171631,2485479105,joanne07@pennington.com,Standard,2020-10-12,2024-10-15 00:00:00
Ae8Ecddf920AFeD,Mackenzie,Harrison,2485171632,2485479106,jerry26@hudson-acevedo.net,Family,2020-10-31,2024-10-15 00:00:00
ecC0FbdA05FaecF,Kevin,Fowler,2485171633,2485479107,katie93@norris.biz,Base,2020-08-27,2024-10-15 00:00:00
8b4bdbEe01deA5C,Veronica,Golden,2485171634,2485479108,gacosta@stephenson-tyler.biz,Premium,2020-03-31,2024-10-15 00:00:00
E8Fa30E1FF1a8cf,Tanner,Lawson,2485171635,2485479109,madisoncarey@spence-beck.info,Standard,2020-10-31,2024-10-15 00:00:00
0Ba16339Ec9a97a,Bridget,Vaughan,2485171636,2485479110,kari95@henry.org,Family,2021-01-31,2024-10-15 00:00:00
7d4B3aa23bEC09D,Jody,Hoover,2485171637,2485479111,tiffany09@perkins.com,Seasonal,2021-05-27,2024-10-15 00:00:00
74e6407A6b7BCbE,Andrew,Boyle,2485171638,2485479112,davefarmer@neal-farrell.org,VIP,2022-01-13,2024-10-15 00:00:00
3BF8bFfAe2Ae5Bb,Ebony,Noble,2485171639,2485479113,lydiameyers@frederick.com,Seasonal,2020-06-24,2024-10-15 00:00:00
a2f7bd4fb9752d2,Jeffrey,Molina,2485171640,2485479114,timothyrivera@wade-galloway.net,VIP,2020-09-18,2024-10-15 00:00:00
AfDD78e4Ae95B9a,Philip,Christian,2485171641,2485479115,harmonmadison@finley-clarke.net,Seasonal,2020-10-19,2024-10-15 00:00:00
B7C8Ac33DcDA629,Patty,Estes,2485171642,2485479116,vincent58@norton.com,VIP,2021-02-08,2024-10-15 00:00:00
5BC73Fd0B11c6BA,Walter,Myers,2485171643,2485479117,brandibarker@peterson.net,Seasonal,2021-07-05,2024-10-15 00:00:00
a3cD4Fa03dA7628,Connie,Barker,2485171644,2485479118,lindsayrocha@preston.org,VIP,2021-07-03,2024-10-15 00:00:00
84c29c3B87e3D0d,Gabriella,Huerta,2485171645,2485479119,daniel75@hansen.com,Base,2020-09-17,2024-10-15 00:00:00
dDd1b8c19e975Cb,Shawn,Knight,2485171646,2485479120,eschultz@salas.com,Premium,2020-08-05,2024-10-15 00:00:00
65EfcbFAaBc9755,Steve,Booth,2485171647,2485479121,perry87@nichols.biz,Standard,2021-10-12,2024-10-15 00:00:00
BB60B5cC15cF7d2,Bridget,Guerra,2485171648,2485479122,frederickmisty@carpenter-nielsen.net,Base,2021-01-25,2024-10-15 00:00:00
F1735bEA230Bbce,Ashlee,Murillo,2485171649,2485479123,jodonnell@oliver.com,Premium,2021-05-18,2024-10-15 00:00:00
19dbB6E8C57E16c,Sonya,Lawrence,2485171650,2485479124,ehampton@lopez-brandt.org,Premium,2021-03-16,2024-10-15 00:00:00
FccE8Bf3cecdBEb,Monique,Ewing,2485171651,2485479125,evansstuart@griffin.org,Family,2021-12-16,2024-10-15 00:00:00
1EABC7bcC8105a0,Dominique,Pacheco,2485171652,2485479126,kristina23@carr-arias.com,Seasonal,2020-05-05,2024-10-15 00:00:00
061AB1b3530F3Fd,Brandon,Browning,2485171653,2485479127,gabriellanorton@robertson.org,VIP,2021-04-17,2024-10-15 00:00:00
4D0407Be283add2,Claudia,Woods,2485171654,2485479128,lonnieguerra@cooke.com,Seasonal,2020-10-17,2024-10-15 00:00:00
abDcdBea7514C4C,Tanner,Lopez,2485171655,2485479129,cowandeanna@house.com,Base,2020-11-24,2024-10-15 00:00:00
FAdED1A29b30019,Martha,Small,2485171656,2485479130,reginahancock@walker.org,Premium,2021-01-17,2024-10-15 00:00:00
c75AddCd282FEbe,Leah,Kirk,2485171657,2485479131,jasmin18@juarez-richmond.com,Standard,2021-04-25,2024-10-15 00:00:00
496Da7aEA5556ec,Courtney,Arellano,2485171658,2485479132,sandy44@thomas.com,Family,2020-11-13,2024-10-15 00:00:00
151A6a7Deb33bcA,Stacy,Hayden,2485171659,2485479133,gravesalisha@harrell.info,Base,2021-11-24,2024-10-15 00:00:00
1ca7788b48FeE2e,Glen,Bullock,2485171660,2485479134,bcole@stevens.com,Premium,2020-03-23,2024-10-15 00:00:00
abe39219A467866,Jade,Leonard,2485171661,2485479135,jessica41@klein.biz,Standard,2020-10-19,2024-10-15 00:00:00
eCEF3f5aA31AbE0,Gabriela,Mcfarland,2485171662,2485479136,guymorrow@romero-owen.com,Family,2020-06-14,2024-10-15 00:00:00
9cc7928FBfcDD0D,Gavin,Steele,2485171663,2485479137,manuel95@holden-franklin.com,Seasonal,2020-09-27,2024-10-15 00:00:00
FB26f4DaD5d8cE5,Gloria,Boone,2485171664,2485479138,yreyes@rowe.com,VIP,2020-01-29,2024-10-15 00:00:00
a1c6309e0B6C2cc,Danielle,Moyer,2485171665,2485479139,russorussell@galloway.biz,Seasonal,2020-12-30,2024-10-15 00:00:00
95Ad3E0Ebb710A1,Autumn,Reese,2485171666,2485479140,craigwhitney@carrillo.info,VIP,2020-04-10,2024-10-15 00:00:00
e2CBa0F3D2f28F8,Melissa,Bullock,2485171667,2485479141,cwolf@arellano.com,Seasonal,2021-09-30,2024-10-15 00:00:00
168d8b04f4Fc7bb,Rickey,Paul,2485171668,2485479142,bweaver@levy.info,VIP,2020-04-10,2024-10-15 00:00:00
Cb84dcFdDd42a06,Barbara,Cardenas,2485171669,2485479143,wflynn@andersen.com,Seasonal,2021-03-10,2024-10-15 00:00:00
bd95732d1D00b0c,Angel,Velez,2485171670,2485479144,pcannon@choi.com,VIP,2021-04-17,2024-10-15 00:00:00
01C49B8CE7D9Af0,Kaitlyn,Collins,2485171671,2485479145,luis12@buck.com,Base,2020-11-06,2024-10-15 00:00:00
6ba0BC5c67eCDD0,Amanda,Harper,2485171672,2485479146,fieldskelly@blackburn.biz,Premium,2020-03-22,2024-10-15 00:00:00
4B3aDB58ea4Ed5b,Rita,Serrano,2485171673,2485479147,vwhite@peterson-gould.com,Standard,2022-03-17,2024-10-15 00:00:00
F9C7d45Ef5Eed58,Stephen,Robbins,2485171674,2485479148,cuevasgeorge@navarro-mcmahon.com,Base,2022-03-24,2024-10-15 00:00:00
8A96EECfBD1E182,Robyn,Abbott,2485171675,2485479149,breanna32@mayer.net,Premium,2020-12-31,2024-10-15 00:00:00
19BAF1C2EcBaEBC,Javier,Cantrell,2485171676,2485479150,kwarner@barrera.org,Premium,2021-09-04,2024-10-15 00:00:00
45EcF8Ad35B790E,Seth,Washington,2485171677,2485479151,sharpgreg@rubio-garrison.org,Family,2021-03-01,2024-10-15 00:00:00
B4DabCf7B4A1adc,Marvin,Suarez,2485171678,2485479152,usloan@harrington.com,Seasonal,2022-01-16,2024-10-15 00:00:00
ce5aB7c9c4B60Ab,Norman,Washington,2485171679,2485479153,ariana05@kelly-arellano.com,VIP,2021-01-10,2024-10-15 00:00:00
Dd6Ddd2214c3E9B,Leroy,Hamilton,2485171680,2485479154,edward56@parks.biz,Seasonal,2020-10-02,2024-10-15 00:00:00
7E9f1816369DF0C,Heidi,Fletcher,2485171681,2485479155,gcollier@golden.com,Base,2021-08-22,2024-10-15 00:00:00
2b94E0a823C2FeF,Jose,Morse,2485171682,2485479156,woodsdevin@maldonado.org,Premium,2020-05-17,2024-10-15 00:00:00
ea098eef5e1a1dE,Sue,Pruitt,2485171683,2485479157,mcbridekylie@mcdowell-christensen.com,Standard,2020-10-21,2024-10-15 00:00:00
84a9a3cbCf05ff2,Alejandro,Peterson,2485171684,2485479158,rothkerry@atkins-porter.com,Family,2021-08-04,2024-10-15 00:00:00
5daBFEe0FDD4aC1,Joel,Pearson,2485171685,2485479159,jerrygates@garner.net,Base,2022-01-13,2024-10-15 00:00:00
B7e00DD57bcf686,Gina,Meadows,2485171686,2485479160,jack76@compton.com,Premium,2021-09-09,2024-10-15 00:00:00
8bFe89d11F4Dedb,Claudia,Dickson,2485171687,2485479161,kaitlinbooth@hurley.com,Standard,2020-08-17,2024-10-15 00:00:00
FbddCdfA03BfC9e,Mandy,Shannon,2485171688,2485479162,hillterrance@gamble.info,Family,2021-02-01,2024-10-15 00:00:00
4CDD436E36C97De,Darlene,Vasquez,2485171689,2485479163,mosleyross@lawrence.com,Seasonal,2021-01-28,2024-10-15 00:00:00
f10fAFa2EA7Ad5c,Tyrone,Oconnell,2485171690,2485479164,malik63@frazier-nichols.biz,VIP,2022-03-03,2024-10-15 00:00:00
AAc719dC2D147B2,Christine,Walker,2485171691,2485479165,luceromaxwell@wong.biz,Seasonal,2021-01-15,2024-10-15 00:00:00
51bDcE74ec99AE9,Kristopher,Shah,2485171692,2485479166,luis82@sparks.com,VIP,2020-07-05,2024-10-15 00:00:00
Fb6Da7d46CE88e3,Eric,Mitchell,2485171693,2485479167,lauren64@faulkner-hood.info,Seasonal,2020-12-05,2024-10-15 00:00:00
66c5A7950926d8D,Christian,Schmidt,2485171694,2485479168,elutz@medina-garcia.com,VIP,2021-05-11,2024-10-15 00:00:00
aace2C6eB3d41D2,David,Simpson,2485171695,2485479169,knappalisha@franco.org,Seasonal,2020-03-01,2024-10-15 00:00:00
D4BfFDF256D03e7,Cassandra,Keith,2485171696,2485479170,yolanda40@rhodes.com,VIP,2020-05-03,2024-10-15 00:00:00
9D6ad1B2902b386,Leah,Hoffman,2485171697,2485479171,xortiz@gates.com,Base,2021-12-17,2024-10-15 00:00:00
bDD9F79E7D7E2d2,Carmen,Tyler,2485171698,2485479172,obates@bennett-nicholson.net,Premium,2020-10-26,2024-10-15 00:00:00
4E2A194a47c3C94,Holly,Ford,2485171699,2485479173,sabrinaerickson@wise.info,Standard,2020-09-10,2024-10-15 00:00:00
6DdADca2C7744fD,Max,Gates,2485171700,2485479174,xrollins@mcfarland.com,Base,2020-02-11,2024-10-15 00:00:00
979cAb2Bb00CD2c,Breanna,Gaines,2485171701,2485479175,yolanda53@thomas.info,Premium,2022-01-26,2024-10-15 00:00:00
1aa3CDB10F71B9f,Kendra,Wilson,2485171702,2485479176,lucas94@barrera.com,Premium,2021-02-16,2024-10-15 00:00:00
00C746Ffb63E429,Madeline,Jordan,2485171703,2485479177,wisediane@dean.com,Family,2021-03-15,2024-10-15 00:00:00
86EF9efb3bdCc38,Ernest,Stafford,2485171704,2485479178,tonyaruiz@farmer.com,Seasonal,2020-03-27,2024-10-15 00:00:00
DeF4B9e08eAE8a7,Olivia,Saunders,2485171705,2485479179,triciarichards@shelton.net,VIP,2021-03-30,2024-10-15 00:00:00
FDE3CA49D4E0E47,Tricia,Barrera,2485171706,2485479180,philip88@carr.biz,Seasonal,2021-12-29,2024-10-15 00:00:00
E2f3CBBB5D6Fb94,Carly,Bullock,2485171707,2485479181,josephchaney@roach-rocha.info,Base,2021-07-13,2024-10-15 00:00:00
cca0B52fAeE8e01,Mackenzie,Stuart,2485171708,2485479182,shanecuevas@terry.com,Premium,2020-10-01,2024-10-15 00:00:00
9b2afcc8F309b28,Ashlee,Lamb,2485171709,2485479183,aserrano@webb.org,Standard,2021-03-02,2024-10-15 00:00:00
bA3c7355abEB0Aa,Danielle,Huang,2485171710,2485479184,ericksoncheyenne@taylor.com,Family,2020-10-09,2024-10-15 00:00:00
d6ed0F3495B7393,Paul,Hendricks,2485171711,2485479185,dorothy66@howe-kim.com,Base,2022-05-10,2024-10-15 00:00:00
d535Ccee51f5Cc6,Leslie,Ramos,2485171712,2485479186,oscar33@holden-morrow.com,Premium,2022-03-23,2024-10-15 00:00:00
d3D2D30f3D1afa3,Louis,Carpenter,2485171713,2485479187,jacobskurt@dalton-small.com,Standard,2020-12-18,2024-10-15 00:00:00
Cc9EdFF319d25E9,Tanner,Whitehead,2485171714,2485479188,iosborn@brady.com,Family,2020-11-08,2024-10-15 00:00:00
98Af09C3BfCe2c3,Sheri,Arnold,2485171715,2485479189,walterfrye@good-boyer.com,Seasonal,2020-04-12,2024-10-15 00:00:00
2Fb596f76cac2Cb,Hunter,Lawrence,2485171716,2485479190,samuelwelch@reid.net,VIP,2020-08-17,2024-10-15 00:00:00
F22D1aab7F39F52,Dennis,Moran,2485171717,2485479191,wcole@bell.info,Seasonal,2021-10-18,2024-10-15 00:00:00
0D8ddA3FEC39Dad,Karl,Stephens,2485171718,2485479192,miguelmathis@crawford.info,VIP,2022-05-03,2024-10-15 00:00:00
4d2D54679321f8c,Brenda,Hale,2485171719,2485479193,romeroangie@cunningham.org,Seasonal,2021-01-26,2024-10-15 00:00:00
7c2b4aA5fDfA1E7,Nicolas,Lee,2485171720,2485479194,vbooker@donovan-stokes.info,VIP,2021-12-09,2024-10-15 00:00:00
AEC966c6EbEEd02,Sonya,Savage,2485171721,2485479195,cheyenne64@solomon.net,Seasonal,2021-04-29,2024-10-15 00:00:00
478460c2Ffa6b78,Alfred,Duffy,2485171722,2485479196,rmcfarland@shelton.com,VIP,2021-11-17,2024-10-15 00:00:00
2fEAcdbcC15cc74,Renee,Serrano,2485171723,2485479197,tammyspence@day.org,Base,2020-03-28,2024-10-15 00:00:00
C8eAE8D58C71CAE,Jay,Rosales,2485171724,2485479198,joanna47@davidson.org,Premium,2020-05-07,2024-10-15 00:00:00
ac6BD3DF09dEA9b,Darlene,Arellano,2485171725,2485479199,jeffrey24@douglas-landry.com,Standard,2021-05-01,2024-10-15 00:00:00
AdAbCAb58a147aC,Clifford,Shea,2485171726,2485479200,burnettrebecca@brewer.info,Base,2021-02-01,2024-10-15 00:00:00
70C6A2D2a742DDD,Rose,Case,2485171727,2485479201,cassandrastrong@ramos.com,Premium,2020-12-08,2024-10-15 00:00:00
B4140eB48EAe3FA,Kaitlyn,Horn,2485171728,2485479202,cortega@johnston.com,Premium,2021-03-20,2024-10-15 00:00:00
62Dc5d901e6C9EE,Priscilla,Cortez,2485171729,2485479203,jenny52@berry.com,Family,2020-09-23,2024-10-15 00:00:00
3a499E9cA2dA1CC,Isaiah,Howe,2485171730,2485479204,rachael63@cooley.com,Seasonal,2022-02-27,2024-10-15 00:00:00
dFAc465E9Ccc3a6,Kara,Pugh,2485171731,2485479205,lucas29@mccoy.net,VIP,2021-02-22,2024-10-15 00:00:00
Dbf8dbcEAc5d107,Leslie,Little,2485171732,2485479206,thomasstefanie@garner-cooper.com,Seasonal,2020-07-03,2024-10-15 00:00:00
f7D3bA2f3a3C21A,Maurice,Owen,2485171733,2485479207,porterlogan@duffy.biz,Base,2020-09-25,2024-10-15 00:00:00
fF4C242e5732BdF,Penny,Baxter,2485171734,2485479208,brett70@reilly.com,Premium,2020-11-06,2024-10-15 00:00:00
5aeD3Aa4cf1ee8D,Morgan,Silva,2485171735,2485479209,lpatton@robinson.com,Standard,2020-11-25,2024-10-15 00:00:00
dd509eaBA3F8089,Patrick,Barnett,2485171736,2485479210,cassie94@booth.biz,Family,2021-08-12,2024-10-15 00:00:00
4B9B8D49fAf7cae,Kristi,Chen,2485171737,2485479211,woodscollin@vargas.com,Base,2020-06-20,2024-10-15 00:00:00
0aBBEBe4dC9a7DD,Geoffrey,Hurley,2485171738,2485479212,montgomeryjasmin@oneal-hutchinson.com,Premium,2021-04-25,2024-10-15 00:00:00
A9ef18Ec3Eb8c80,Gary,Le,2485171739,2485479213,emilygarrett@navarro-howe.info,Standard,2021-01-05,2024-10-15 00:00:00
98fFA372Bd132EE,Tina,West,2485171740,2485479214,gutierrezrandall@rasmussen.com,Family,2021-06-28,2024-10-15 00:00:00
A74e90b1839b58B,Karen,Campbell,2485171741,2485479215,rachaelking@silva-choi.com,Seasonal,2021-07-24,2024-10-15 00:00:00
5e883ac5731A48f,Terrence,Frye,2485171742,2485479216,bradley72@fowler-durham.org,VIP,2021-03-10,2024-10-15 00:00:00
1bD34DFB3Ebb9db,Cristina,Sanchez,2485171743,2485479217,matthew67@irwin-mcknight.info,Seasonal,2021-08-01,2024-10-15 00:00:00
B6bF2E1D05CADE7,Rebekah,Weiss,2485171744,2485479218,stoutwilliam@forbes.com,VIP,2020-03-12,2024-10-15 00:00:00
2dc0146c8da25fd,Kayla,Ferguson,2485171745,2485479219,shopkins@murphy-fleming.com,Seasonal,2020-10-13,2024-10-15 00:00:00
d3cCC3C94bfA15d,Martha,Molina,2485171746,2485479220,pratthector@ferrell.info,VIP,2021-08-07,2024-10-15 00:00:00
c6027C9baa2664A,Janet,Zimmerman,2485171747,2485479221,dan28@walter-richard.info,Seasonal,2020-07-10,2024-10-15 00:00:00
38baedECE07dA6A,Jesus,Haynes,2485171748,2485479222,zramsey@gallagher-briggs.biz,VIP,2021-11-13,2024-10-15 00:00:00
c7a44B5D4c44A33,Audrey,Levine,2485171749,2485479223,kristinemunoz@neal-kline.com,Base,2022-05-29,2024-10-15 00:00:00
df0dC07031AfBBe,Kristina,Larson,2485171750,2485479224,sloanmeagan@key.com,Premium,2021-01-09,2024-10-15 00:00:00
aa7d5a114a7cfde,Joanna,Carr,2485171751,2485479225,chelsea29@brooks.org,Standard,2021-03-28,2024-10-15 00:00:00
e6cAD6A9B817fFA,Bianca,Daniel,2485171752,2485479226,lawrencehansen@duke.com,Base,2021-03-03,2024-10-15 00:00:00
8DFF51276FBbfE6,Angel,Garcia,2485171753,2485479227,malonejanet@harvey.com,Premium,2021-07-27,2024-10-15 00:00:00
bCCD73E1AE34DDD,Miguel,Morales,2485171754,2485479228,joan09@hart.com,Premium,2020-11-23,2024-10-15 00:00:00
16e8f82E1BdD8bd,Tiffany,Bruce,2485171755,2485479229,latashaburch@woodward.com,Family,2021-10-24,2024-10-15 00:00:00
B14E7ED4dC4CBBf,Deborah,Atkins,2485171756,2485479230,brettmorrison@bernard-knapp.com,Seasonal,2020-06-21,2024-10-15 00:00:00
Aaf2D8fF5edeD6F,Evelyn,Huynh,2485171757,2485479231,jmullins@craig.com,VIP,2022-03-23,2024-10-15 00:00:00
dEbC9Df2BD9675b,Desiree,Hopkins,2485171758,2485479232,pittmansamuel@proctor-gamble.biz,Seasonal,2020-05-27,2024-10-15 00:00:00
DAe07FEAfCeab89,Brad,Booker,2485171759,2485479233,robinfitzpatrick@hardy.biz,Base,2022-03-26,2024-10-15 00:00:00
fF9831315E6f223,Sue,Lowe,2485171760,2485479234,malik44@stanton-salazar.com,Premium,2020-09-19,2024-10-15 00:00:00
E5Bc9CFdD7E8cCe,Sheena,Donaldson,2485171761,2485479235,candace29@diaz.com,Standard,2021-04-12,2024-10-15 00:00:00
adda0c4d56eEd0F,Kari,Morton,2485171762,2485479236,jaredchase@solis.net,Family,2020-06-27,2024-10-15 00:00:00
DEbD6eAd8F2bba4,Phillip,Mccarty,2485171763,2485479237,shirleybeasley@hurley.info,Base,2020-08-15,2024-10-15 00:00:00
4D26D6AD5D4DD5a,Shawna,Beasley,2485171764,2485479238,kowens@peterson-jimenez.com,Premium,2021-09-03,2024-10-15 00:00:00
F4DE3fFc9dadB0D,Ray,Yu,2485171765,2485479239,zfigueroa@cummings.com,Standard,2021-04-01,2024-10-15 00:00:00
E65bAC9F22075AC,Damon,Stanton,2485171766,2485479240,yesenia49@lester-martinez.com,Family,2022-03-06,2024-10-15 00:00:00
d3D39beeB3Bc61D,Annette,Zavala,2485171767,2485479241,matthewssamantha@english.com,Seasonal,2020-07-10,2024-10-15 00:00:00
Ca3F36CBccea0B5,Michaela,Keith,2485171768,2485479242,astone@dalton.com,VIP,2020-08-28,2024-10-15 00:00:00
458261304518CEd,Valerie,Pace,2485171769,2485479243,walldarius@riggs.com,Seasonal,2021-10-16,2024-10-15 00:00:00
78ac17Cc0E0b444,Danny,Hall,2485171770,2485479244,regina78@sampson.net,VIP,2021-11-13,2024-10-15 00:00:00
aec5CeDc949143F,Kristy,Paul,2485171771,2485479245,kirsten26@chaney-stephens.com,Seasonal,2020-02-17,2024-10-15 00:00:00
9Cfc61ebC5682F2,Kelsey,Rowland,2485171772,2485479246,stacybradford@callahan-powers.com,VIP,2022-01-13,2024-10-15 00:00:00
cec5D53082Ba76C,Alyssa,Woodard,2485171773,2485479247,wbuckley@randall.com,Seasonal,2021-10-08,2024-10-15 00:00:00
107A505E4ED6aCf,Deanna,Larsen,2485171774,2485479248,arthur45@valencia.net,VIP,2020-06-09,2024-10-15 00:00:00
EbEd31AB1596CA7,Jackson,Sawyer,2485171775,2485479249,hectorlewis@gay-goodman.org,Base,2022-05-04,2024-10-15 00:00:00
A5Aef07bB307eaD,Chloe,Hodges,2485171776,2485479250,ldiaz@barr-russo.com,Premium,2021-05-06,2024-10-15 00:00:00
6cd647EbF5111c8,Brooke,Dominguez,2485171777,2485479251,elijah82@chambers.org,Standard,2020-03-19,2024-10-15 00:00:00
DA85ce14eDd49EB,Kristopher,Hammond,2485171778,2485479252,pgreene@stanton.info,Base,2021-05-15,2024-10-15 00:00:00
9d25749a97f74A8,Lauren,Allison,2485171779,2485479253,kristinwhitaker@bullock-wilkerson.com,Premium,2021-04-03,2024-10-15 00:00:00
19dB3E396bf4243,Gloria,Walters,2485171780,2485479254,jillfoley@oconnor-french.com,Premium,2021-11-20,2024-10-15 00:00:00
cF4d1c32929Dada,Wanda,Lara,2485171781,2485479255,bhenderson@ashley.net,Family,2020-12-07,2024-10-15 00:00:00
EFba6C3ACF7b9dd,Albert,Mendoza,2485171782,2485479256,mspencer@blackwell.biz,Seasonal,2020-10-01,2024-10-15 00:00:00
8Ce1Fb6D34F288b,Wayne,Gomez,2485171783,2485479257,hollowaykatherine@jones.com,VIP,2020-06-05,2024-10-15 00:00:00
f0bFeBE2EcC6E44,Elijah,Wagner,2485171784,2485479258,opace@conway.net,Seasonal,2021-06-06,2024-10-15 00:00:00
9Ae0C63D66E0bFC,Vicki,Davies,2485171785,2485479259,joseph80@hunt.com,Base,2020-02-02,2024-10-15 00:00:00
c927E6840FF4A0c,Angie,Navarro,2485171786,2485479260,kirstennicholson@terrell.com,Premium,2021-10-15,2024-10-15 00:00:00
Aab0fC31E4ad1BE,Mindy,Kelly,2485171787,2485479261,vfaulkner@thompson.com,Standard,2021-04-25,2024-10-15 00:00:00
7Ee6b3d96fFF18C,Dominic,Frost,2485171788,2485479262,lisamathews@huff.com,Family,2022-01-09,2024-10-15 00:00:00
dBE9AD5da1dA286,Judith,Holden,2485171789,2485479263,joy10@johnston-oneal.info,Base,2021-01-01,2024-10-15 00:00:00
E44e636cfE26CfB,Maria,Conrad,2485171790,2485479264,gabriel57@spence-thompson.com,Premium,2021-11-15,2024-10-15 00:00:00
a1bBBEBDfb3Fe3f,Phyllis,Fischer,2485171791,2485479265,catherine30@lewis.org,Standard,2020-05-18,2024-10-15 00:00:00
9E64AAAcC13A14b,Caitlin,Hardy,2485171792,2485479266,toddarcher@haley.org,Family,2020-08-23,2024-10-15 00:00:00
dAE25B64E0AbFC1,Katie,Rios,2485171793,2485479267,jeffersonbrandi@cannon-trevino.com,Seasonal,2021-11-21,2024-10-15 00:00:00
5F131a198B25fDD,Derek,Soto,2485171794,2485479268,kyates@holder-coffey.org,VIP,2021-03-12,2024-10-15 00:00:00
6B9a7ADdad70dC2,Maureen,Brown,2485171795,2485479269,xgarcia@ross-hatfield.com,Seasonal,2021-02-22,2024-10-15 00:00:00
8A8BcAfeafff70D,Melanie,Ingram,2485171796,2485479270,michaelcheyenne@ewing.info,VIP,2022-05-16,2024-10-15 00:00:00
3DcCaBb218383a6,Kristopher,Bailey,2485171797,2485479271,marco90@friedman-franco.net,Seasonal,2021-06-16,2024-10-15 00:00:00
67ECBda6a4CA8f4,Justin,Hendrix,2485171798,2485479272,fphelps@cole-gay.com,VIP,2020-03-01,2024-10-15 00:00:00
731C1AB0cAF588b,Curtis,Armstrong,2485171799,2485479273,monique66@daniel.info,Seasonal,2020-03-09,2024-10-15 00:00:00
F9fD297E42BC6E6,Crystal,Baxter,2485171800,2485479274,clintonsuarez@duke-garner.com,VIP,2022-04-17,2024-10-15 00:00:00
3e3eB4c40Ee3B2a,Leon,Washington,2485171801,2485479275,tanyameza@matthews-paul.info,Base,2020-06-01,2024-10-15 00:00:00
2Ebd3393bFcCB80,Erik,Haney,2485171802,2485479276,kaylakirk@reynolds.com,Premium,2020-07-25,2024-10-15 00:00:00
e600788c3dC0b57,Faith,Park,2485171803,2485479277,mosstina@french-burnett.net,Standard,2020-08-06,2024-10-15 00:00:00
bE341222cAfC4cF,Joy,Valencia,2485171804,2485479278,rgrant@booth.info,Base,2020-08-21,2024-10-15 00:00:00
F8d6Ecac4bfAaB5,Sierra,Green,2485171805,2485479279,tasha23@cooley-vance.com,Premium,2021-01-15,2024-10-15 00:00:00
c2de20A4fAf68fe,Jasmine,Fisher,2485171806,2485479280,arellanoerin@roberts.org,Premium,2021-05-24,2024-10-15 00:00:00
7E28aDB65b9D6Db,Anthony,Clarke,2485171807,2485479281,warelydia@coleman-morrow.com,Family,2020-08-04,2024-10-15 00:00:00
97Bc909c7909956,Courtney,Christensen,2485171808,2485479282,shannonevans@watkins.com,Seasonal,2021-09-04,2024-10-15 00:00:00
50de05ec05bECd4,Jamie,Vincent,2485171809,2485479283,gonzalezjonathan@arias-lee.info,VIP,2021-12-28,2024-10-15 00:00:00
1E0a4D06c687Fab,Phillip,Burton,2485171810,2485479284,dalton27@barron.com,Seasonal,2022-04-06,2024-10-15 00:00:00
c4781c7C9ef04BC,Daisy,Moss,2485171811,2485479285,jordanhodges@huff-hensley.biz,Base,2020-01-24,2024-10-15 00:00:00
d7EdAC9469e30F8,Janet,Cisneros,2485171812,2485479286,jimmymcfarland@mcdonald.net,Premium,2020-04-21,2024-10-15 00:00:00
c90Ab5BA65aCDbB,Cassidy,Conner,2485171813,2485479287,jacobrojas@cummings-kelly.com,Standard,2021-06-21,2024-10-15 00:00:00
C1DBc8d4CB9b8F2,Carrie,Downs,2485171814,2485479288,marilynandrews@cobb-watkins.com,Family,2021-01-05,2024-10-15 00:00:00
9ACDAbEa46b9cBB,Carmen,Walsh,2485171815,2485479289,bradleysophia@burnett.com,Base,2020-05-11,2024-10-15 00:00:00
FebD11a0a4f3BE1,Anita,Daniel,2485171816,2485479290,valentinecaitlyn@henry.com,Premium,2020-06-30,2024-10-15 00:00:00
19B48e08DadC372,Jacob,Livingston,2485171817,2485479291,elaine95@kerr.com,Standard,2021-04-04,2024-10-15 00:00:00
92bFddD0C16C99c,Brent,Maldonado,2485171818,2485479292,phillip17@wade.net,Family,2020-02-02,2024-10-15 00:00:00
1C6be3affF9cCFe,Alexandria,Walters,2485171819,2485479293,clifford91@combs.com,Seasonal,2022-02-10,2024-10-15 00:00:00
C9c35E6F9A125CE,Chase,Cooke,2485171820,2485479294,zrobbins@ross.net,VIP,2020-12-26,2024-10-15 00:00:00
A57f47CEF3827Bd,Brady,Foster,2485171821,2485479295,shelby36@lawrence-love.com,Seasonal,2021-05-11,2024-10-15 00:00:00
0CEEec4Cf248929,Ronald,Bradshaw,2485171822,2485479296,isabelburnett@kaufman-stevenson.com,VIP,2022-03-31,2024-10-15 00:00:00
BE352a8cB4F8d86,Bridget,Porter,2485171823,2485479297,buckleyperry@herring.com,Seasonal,2020-03-06,2024-10-15 00:00:00
FDC43e3cf566Cc8,Meredith,Merritt,2485171824,2485479298,juliannash@richardson.org,VIP,2022-04-29,2024-10-15 00:00:00
Fd126e2a424Bbbc,Briana,Barnett,2485171825,2485479299,fryjeff@baxter.com,Seasonal,2020-12-10,2024-10-15 00:00:00
6BC3beeFbfdacbe,Grant,Mclaughlin,2485171826,2485479300,cindypatton@page.biz,VIP,2021-05-16,2024-10-15 00:00:00
4bBddAD537F3Cf0,Brandy,Newton,2485171827,2485479301,qmaddox@huber.net,Base,2021-05-30,2024-10-15 00:00:00
acdFD08C5cBA6CA,Guy,Brennan,2485171828,2485479302,angieosborne@michael-simon.com,Premium,2020-05-06,2024-10-15 00:00:00
86DA46fCE9ebeB8,Ann,Simmons,2485171829,2485479303,xharper@stevenson.com,Standard,2021-06-18,2024-10-15 00:00:00
EecDfbaadAfe0DD,Willie,Estes,2485171830,2485479304,bairdangie@villegas.biz,Base,2021-06-08,2024-10-15 00:00:00
1aD2deA0fde50BA,Joan,Gregory,2485171831,2485479305,xvang@schmidt.com,Premium,2020-11-01,2024-10-15 00:00:00
CBcfFC286FDc461,Rebekah,Barnes,2485171832,2485479306,christianmata@gates.com,Premium,2021-02-17,2024-10-15 00:00:00
78BAC1f42DD76d8,Meghan,Chaney,2485171833,2485479307,emorgan@kelly.net,Family,2020-09-09,2024-10-15 00:00:00
d1E90edB3230E6e,Peggy,Mckenzie,2485171834,2485479308,vargasnoah@johns.com,Seasonal,2021-07-29,2024-10-15 00:00:00
2aeB0fAF9Fd1A2A,Jill,Schaefer,2485171835,2485479309,bfitzpatrick@kelly.com,VIP,2022-03-08,2024-10-15 00:00:00
a21Ce6067cD633E,Drew,Patterson,2485171836,2485479310,mbanks@dorsey-sanchez.biz,Seasonal,2020-01-25,2024-10-15 00:00:00
ace763c03c1eED8,Melissa,Potts,2485171837,2485479311,nicholas11@lyons.org,Base,2021-10-29,2024-10-15 00:00:00
f29E3D8ec3aFda0,Frances,Rosario,2485171838,2485479312,anita51@bailey-miranda.net,Premium,2020-01-07,2024-10-15 00:00:00
CdDB5Bcb91A60e7,Kelli,Adams,2485171839,2485479313,blakedunlap@bautista.com,Standard,2020-03-12,2024-10-15 00:00:00
a333dB8F2cf884A,Melissa,Boyer,2485171840,2485479314,chendrix@duncan.com,Family,2020-12-22,2024-10-15 00:00:00
46FFb5Bf67A6EcE,Cynthia,Bryan,2485171841,2485479315,zhubbard@reilly-mccall.net,Base,2020-05-05,2024-10-15 00:00:00
9aB46f1DeA40bCD,Sandy,Schaefer,2485171842,2485479316,nrandall@brown.com,Premium,2020-07-24,2024-10-15 00:00:00
2e15e6Ea65AAcC3,Robert,Perry,2485171843,2485479317,romandeborah@carter.com,Standard,2022-04-09,2024-10-15 00:00:00
9Df04dcEec38175,Gerald,Morales,2485171844,2485479318,mckenzieroberta@leach.org,Family,2020-02-26,2024-10-15 00:00:00
ddEe60B8e39AF8d,Bill,Hardy,2485171845,2485479319,antonio01@schmidt.org,Seasonal,2021-11-19,2024-10-15 00:00:00
B5C977deC68EdCd,Mallory,Fisher,2485171846,2485479320,campbellcarla@bond-fischer.info,VIP,2020-07-05,2024-10-15 00:00:00
6ae3C4A2f3D7023,Kevin,Esparza,2485171847,2485479321,ryanchristina@byrd.org,Seasonal,2021-05-30,2024-10-15 00:00:00
Fe7Fd8EfebF2Fd2,Justin,Mata,2485171848,2485479322,dorothymaxwell@patton-fernandez.com,VIP,2022-03-26,2024-10-15 00:00:00
70ace5bad5Ce2a7,Sally,Golden,2485171849,2485479323,stricklandregina@perez.info,Seasonal,2020-04-21,2024-10-15 00:00:00
4f8C01FDceBcd23,Samuel,Yates,2485171850,2485479324,ayerschris@gilbert-landry.org,VIP,2021-03-17,2024-10-15 00:00:00
25CFb6d4DF3aA87,Carla,Wolfe,2485171851,2485479325,aaron28@arellano-lang.net,Seasonal,2021-01-12,2024-10-15 00:00:00
C795d33EFa0E2F1,Caitlin,Hendrix,2485171852,2485479326,barrybecker@bauer.com,VIP,2020-10-19,2024-10-15 00:00:00
83Beee4A53fBa66,Willie,Flynn,2485171853,2485479327,marissa82@charles-moore.net,Base,2020-01-24,2024-10-15 00:00:00
c25C9c8F6FeCBa4,Sydney,Edwards,2485171854,2485479328,flemingvernon@bean-le.com,Premium,2020-04-03,2024-10-15 00:00:00
9a0BDf9cEf1f76d,Jim,Villegas,2485171855,2485479329,fpope@buck-carney.info,Standard,2022-01-05,2024-10-15 00:00:00
A279b43D552Aa2E,Kaylee,Ramsey,2485171856,2485479330,mbright@henry.com,Base,2021-03-19,2024-10-15 00:00:00
Db3e47FaFdBE7Ba,Laura,Zamora,2485171857,2485479331,mchandler@bailey.org,Premium,2020-03-15,2024-10-15 00:00:00
aEFdfb74fd3C89d,Sierra,Roberson,2485171858,2485479332,cindymclaughlin@jackson.com,Premium,2022-04-30,2024-10-15 00:00:00
d9eaffba5a14dB2,Martha,Rhodes,2485171859,2485479333,rmoses@tanner.net,Family,2021-11-05,2024-10-15 00:00:00
8efE4D4084590A0,Kristi,Cortez,2485171860,2485479334,evelyn41@stanton.net,Seasonal,2022-03-25,2024-10-15 00:00:00
42CfACE21f9eb63,Damon,Daugherty,2485171861,2485479335,wbarton@orozco-banks.com,VIP,2021-08-27,2024-10-15 00:00:00
Feab72ebad6BEC9,Jeffrey,Hunt,2485171862,2485479336,qreid@mckay.org,Seasonal,2020-04-02,2024-10-15 00:00:00
d6d5afF530F829c,Rebekah,Valencia,2485171863,2485479337,marc51@gibson-wood.com,Base,2020-12-06,2024-10-15 00:00:00
EcF859343EEBaB7,Todd,Quinn,2485171864,2485479338,roberthenry@davenport-middleton.org,Premium,2021-11-30,2024-10-15 00:00:00
b07c2Dc76d5b32C,Clarence,Church,2485171865,2485479339,daniellebooth@underwood.info,Standard,2021-08-13,2024-10-15 00:00:00
C18a4Fbe5D008f6,Candice,Livingston,2485171866,2485479340,thall@soto.com,Family,2021-03-21,2024-10-15 00:00:00
ABDfB9aE6FE5Bbf,Ana,Lopez,2485171867,2485479341,bwalter@church.net,Base,2021-10-26,2024-10-15 00:00:00
1fDA21A6f3c75b4,Norman,Lang,2485171868,2485479342,jenna30@dickerson-vaughn.biz,Premium,2021-05-02,2024-10-15 00:00:00
eb8194eBCd83BAb,Becky,Allison,2485171869,2485479343,longcindy@wheeler.com,Standard,2021-05-24,2024-10-15 00:00:00
BF617C9AFb4Ce07,Sean,Warren,2485171870,2485479344,soniamcguire@mullins-stevenson.com,Family,2020-10-07,2024-10-15 00:00:00
7f371E09D0d2df7,Vickie,Finley,2485171871,2485479345,eavila@allen-gillespie.com,Seasonal,2021-10-06,2024-10-15 00:00:00
DADE73d661aac56,Erin,Boyer,2485171872,2485479346,leslie12@pitts-holland.com,VIP,2020-03-16,2024-10-15 00:00:00
eDaAFa8fE2aE31c,Ariana,Avila,2485171873,2485479347,mcgrathkatie@lynch-conway.com,Seasonal,2021-05-20,2024-10-15 00:00:00
dafD9b63FCD6BBA,Tanner,Nguyen,2485171874,2485479348,grossstuart@cooke.com,VIP,2020-04-24,2024-10-15 00:00:00
dbaD3607b79a93c,Sheila,Cardenas,2485171875,2485479349,ibenitez@maxwell-martin.org,Seasonal,2020-03-31,2024-10-15 00:00:00
BB1BbBBcaF99F74,Chris,Keith,2485171876,2485479350,gilmoredustin@kerr.org,VIP,2020-07-21,2024-10-15 00:00:00
7022d84c9cBc309,Bradley,Sanford,2485171877,2485479351,nunezsavannah@henderson.info,Seasonal,2021-11-16,2024-10-15 00:00:00
6848680a9f76021,Ariana,Carney,2485171878,2485479352,caitlynrosario@maldonado-stevenson.com,VIP,2022-01-16,2024-10-15 00:00:00
E5e903Eb61ECcef,Elizabeth,Logan,2485171879,2485479353,kirkbradford@ibarra-bradford.info,Base,2020-04-17,2024-10-15 00:00:00
AF302C6b37e6dBd,Adrienne,White,2485171880,2485479354,leroy07@becker-winters.com,Premium,2022-01-10,2024-10-15 00:00:00
bd7Da4B82F28279,Zachary,Shaffer,2485171881,2485479355,avilasummer@hensley-richmond.net,Standard,2022-01-30,2024-10-15 00:00:00
4C657EFbce24508,Mercedes,Hester,2485171882,2485479356,thomas95@watson.info,Base,2022-02-19,2024-10-15 00:00:00
9BE9eDbE566ECBF,Stephanie,Rivera,2485171883,2485479357,daniel67@davidson-stephenson.com,Premium,2020-10-19,2024-10-15 00:00:00
1F7cF53c7ebFc3D,Francis,Bradford,2485171884,2485479358,alejandra14@quinn.com,Premium,2022-01-11,2024-10-15 00:00:00
FE5Ee2dEeE4cE28,Marilyn,Peck,2485171885,2485479359,stacy53@gardner.com,Family,2022-04-30,2024-10-15 00:00:00
85A35A4B7C5aCcA,Greg,Wiggins,2485171886,2485479360,ymcdowell@johnson.org,Seasonal,2020-03-24,2024-10-15 00:00:00
4BFCa3aef3F58AB,Glen,Clarke,2485171887,2485479361,lbarron@lutz.org,VIP,2021-07-18,2024-10-15 00:00:00
cB5bF4B1e78Ecda,Kevin,Munoz,2485171888,2485479362,eboyer@hebert-rosario.info,Seasonal,2021-02-13,2024-10-15 00:00:00
AD11aee28Ecc768,Jasmine,Brennan,2485171889,2485479363,uarroyo@david-greer.net,Base,2021-07-15,2024-10-15 00:00:00
aE4B7E7a93Bd19d,Janice,Baldwin,2485171890,2485479364,sbrooks@sloan.com,Premium,2021-07-06,2024-10-15 00:00:00
Dfe8e5318F1de42,Pam,Atkins,2485171891,2485479365,gdoyle@hooper-johnston.com,Standard,2021-08-25,2024-10-15 00:00:00
8dBF4A43b2a4fA2,Bill,Gates,2485171892,2485479366,chanselena@pitts.info,Family,2020-03-17,2024-10-15 00:00:00
aCF2Cb91eCB8508,Hayley,Swanson,2485171893,2485479367,rickybarrera@mathis-nicholson.com,Base,2022-02-11,2024-10-15 00:00:00
185BBB7e52feEDA,Jack,Maddox,2485171894,2485479368,parkcorey@navarro.com,Premium,2021-08-31,2024-10-15 00:00:00
659874894840d78,Judy,Middleton,2485171895,2485479369,tuckeradriana@cannon.com,Standard,2021-03-20,2024-10-15 00:00:00
94a7dD4Da913FBa,Allison,Hill,2485171896,2485479370,charlotte25@christensen-allison.com,Family,2021-12-08,2024-10-15 00:00:00
68fbb98f6EbD971,Jack,Robbins,2485171897,2485479371,haasderrick@ortega-kirk.org,Seasonal,2020-12-02,2024-10-15 00:00:00
E3Be47B2Bc0fb08,Lisa,Blackwell,2485171898,2485479372,nlawrence@miles.biz,VIP,2020-04-30,2024-10-15 00:00:00
5a3Ed08524aA9CA,Cole,Byrd,2485171899,2485479373,obrienisabel@braun.com,Seasonal,2020-02-01,2024-10-15 00:00:00
8Eb623320c4D45b,Randy,Gomez,2485171900,2485479374,bishopbryan@mcpherson-rosario.com,VIP,2020-03-03,2024-10-15 00:00:00
550c41F8764B16E,Ashlee,Koch,2485171901,2485479375,mooreian@arias-lloyd.org,Seasonal,2021-04-28,2024-10-15 00:00:00
acE14807eD40972,Mitchell,Horton,2485171902,2485479376,erinlittle@carroll-duncan.com,VIP,2021-06-30,2024-10-15 00:00:00
3af3B3a4ddFB28E,Guy,Williams,2485171903,2485479377,austin73@gordon.net,Seasonal,2020-02-16,2024-10-15 00:00:00
aFeB020b9a24cb4,Erika,Thompson,2485171904,2485479378,nkoch@hardy-wallace.info,VIP,2021-11-14,2024-10-15 00:00:00
CEe46Ca6cB6D3e9,Autumn,Rogers,2485171905,2485479379,byoung@bailey.com,Base,2021-07-29,2024-10-15 00:00:00
cd1D0d3ABf09FBA,Dan,Murray,2485171906,2485479380,kathleenle@martin.com,Premium,2021-06-06,2024-10-15 00:00:00
d0813Ac7Ece4c58,Herbert,Tran,2485171907,2485479381,meadowsmandy@baker.info,Standard,2020-11-22,2024-10-15 00:00:00
BceA40c37Afe437,Zoe,Rojas,2485171908,2485479382,lynnkelli@kirk-bell.org,Base,2020-05-14,2024-10-15 00:00:00
Ce1956ED0Bd72B5,Theresa,Holt,2485171909,2485479383,brent19@sullivan-schaefer.org,Premium,2021-08-26,2024-10-15 00:00:00
Bc9Cda3AAEED2DA,Kristi,Dixon,2485171910,2485479384,lindsaymiranda@atkinson.info,Premium,2021-12-04,2024-10-15 00:00:00
df6Beba6f80EAAf,Marisa,Patrick,2485171911,2485479385,zwall@page.org,Family,2021-12-15,2024-10-15 00:00:00
Eb17cE4feEb0100,Tricia,Fletcher,2485171912,2485479386,bconner@hartman.com,Seasonal,2020-06-26,2024-10-15 00:00:00
D40eba5Dc71C4E5,Daniel,Carrillo,2485171913,2485479387,parkerlogan@sutton-wheeler.com,VIP,2021-12-03,2024-10-15 00:00:00
C7C79d8D3CF7Eac,Parker,Brady,2485171914,2485479388,yvonne79@mcconnell-warner.com,Seasonal,2021-07-10,2024-10-15 00:00:00
B34Ec6B249b67E8,Summer,Hancock,2485171915,2485479389,rmcknight@bryan-king.com,Base,2021-02-26,2024-10-15 00:00:00
2BE9Fdcb52eCEFB,Samantha,Maddox,2485171916,2485479390,mortonsally@walls.info,Premium,2021-06-24,2024-10-15 00:00:00
7A06684bC0bfbFa,Chelsey,Tapia,2485171917,2485479391,wallacekristy@cross-oconnell.com,Standard,2020-05-17,2024-10-15 00:00:00
FADa2dff9E8f3bC,Kayla,Fry,2485171918,2485479392,patriciagiles@oneill-chung.com,Family,2020-01-14,2024-10-15 00:00:00
CDae9E7C2dA5E96,Dave,Jensen,2485171919,2485479393,howard17@hickman.com,Base,2020-10-27,2024-10-15 00:00:00
fCF027f2A34FdBE,Colin,Hammond,2485171920,2485479394,jaime31@gray.com,Premium,2020-09-27,2024-10-15 00:00:00
eb18D93CB584Db7,Jay,Bright,2485171921,2485479395,dan44@chan.org,Standard,2022-03-29,2024-10-15 00:00:00
0aEdFcbdb76637c,Caitlyn,Cross,2485171922,2485479396,jefferyhammond@guerra-chase.biz,Family,2020-05-10,2024-10-15 00:00:00
d20d428FA81a2Eb,Sydney,Burnett,2485171923,2485479397,makaylafrost@pham.com,Seasonal,2022-01-31,2024-10-15 00:00:00
feFBbFbF14FDaaf,Sherry,Vincent,2485171924,2485479398,zdaniels@tate.com,VIP,2020-10-02,2024-10-15 00:00:00
Ad89CaCdfDbCEbd,Ricardo,Pena,2485171925,2485479399,elizabethhobbs@parker.com,Seasonal,2021-08-21,2024-10-15 00:00:00
248DFBD21eC1f73,Anne,Harper,2485171926,2485479400,josedudley@andersen.com,VIP,2021-04-03,2024-10-15 00:00:00
9Dd0d01641fBcbD,Sierra,Crane,2485171927,2485479401,goodwinpenny@rojas-warner.org,Seasonal,2022-01-25,2024-10-15 00:00:00
5CFcaDEd4df2DaA,Joseph,Steele,2485171928,2485479402,volson@carter-barr.info,VIP,2020-03-21,2024-10-15 00:00:00
F97f1ffBF7eD33E,Destiny,Snow,2485171929,2485479403,alejandro05@bradshaw-chen.com,Seasonal,2020-10-18,2024-10-15 00:00:00
b7beEa7fDE4eBb9,Jaclyn,Cardenas,2485171930,2485479404,phebert@farmer.com,VIP,2022-03-24,2024-10-15 00:00:00
64ceeEf0e281709,Monica,Duffy,2485171931,2485479405,rramsey@graham-conrad.org,Base,2021-12-27,2024-10-15 00:00:00
Fd09AA3c0E32cCf,Logan,Dickerson,2485171932,2485479406,rachael73@spencer.com,Premium,2021-08-13,2024-10-15 00:00:00
2eDB9DDDadDaAEd,Sonya,Calderon,2485171933,2485479407,kevinwallace@woodard.com,Standard,2022-04-07,2024-10-15 00:00:00
dA23dA7eb28CCA9,Daniel,Charles,2485171934,2485479408,marvinwoodard@lam.biz,Base,2020-03-07,2024-10-15 00:00:00
B57341aCDf23155,Ellen,Mayo,2485171935,2485479409,michaelclinton@gross.com,Premium,2021-11-13,2024-10-15 00:00:00
8Cc44Fae8a4D395,Bryan,Odom,2485171936,2485479410,gillespienorma@cline-boyd.org,Premium,2022-05-09,2024-10-15 00:00:00
db4CBcbFfC2DBfa,Lydia,Banks,2485171937,2485479411,nbuck@dalton.com,Family,2020-07-26,2024-10-15 00:00:00
1F1De1fC57E91Dc,Kathleen,Everett,2485171938,2485479412,mark58@blackwell-prince.com,Seasonal,2020-09-04,2024-10-15 00:00:00
A7eC3D7DAC0fbee,Mckenzie,Joyce,2485171939,2485479413,bethcannon@brock.net,VIP,2020-09-22,2024-10-15 00:00:00
7DD7cBb39d06a80,Ivan,Kim,2485171940,2485479414,lcollier@boyd-hobbs.com,Seasonal,2021-09-03,2024-10-15 00:00:00
31C0ADfa5F40c40,Shirley,Anthony,2485171941,2485479415,phillipshayley@carr.com,Base,2020-05-08,2024-10-15 00:00:00
B75cA9DF92eAfAf,Collin,Ortega,2485171942,2485479416,ufriedman@rowland.org,Premium,2021-11-05,2024-10-15 00:00:00
ee24eBb8cb1CeC8,Alisha,Brooks,2485171943,2485479417,djarvis@gonzales.org,Standard,2021-04-12,2024-10-15 00:00:00
cfBf858FAA0EabD,Ruben,Berger,2485171944,2485479418,ivanroman@hamilton.org,Family,2020-06-12,2024-10-15 00:00:00
c0F56ea6411D6B7,Faith,Flores,2485171945,2485479419,eric18@avery.com,Base,2020-01-12,2024-10-15 00:00:00
d673Cf1D28AdcFa,Briana,Melton,2485171946,2485479420,haleymeadows@coffey.com,Premium,2021-06-25,2024-10-15 00:00:00
FbD9Bf3efE3fF7A,Colleen,Duffy,2485171947,2485479421,fshepard@arias-rosario.net,Standard,2021-01-01,2024-10-15 00:00:00
E8d513c581d99Ce,Amber,Andrade,2485171948,2485479422,watsonandres@clarke.com,Family,2020-02-17,2024-10-15 00:00:00
CCd8a39Fb07bdfc,Samantha,Singh,2485171949,2485479423,annahood@herrera.info,Seasonal,2022-04-05,2024-10-15 00:00:00
3e4eCCE32aF6B3a,Edward,Mcclain,2485171950,2485479424,cherrykurt@durham.org,VIP,2021-08-07,2024-10-15 00:00:00
99cafEbeb024B3C,Leon,Harmon,2485171951,2485479425,johnny51@davenport.com,Seasonal,2020-09-23,2024-10-15 00:00:00
7e63dC1A7E8D5d3,Misty,Fry,2485171952,2485479426,armstrongsheena@sullivan.net,VIP,2021-11-24,2024-10-15 00:00:00
D45A1BfB0D35C9f,Kirsten,Gardner,2485171953,2485479427,castillodan@coleman-ross.com,Seasonal,2022-05-12,2024-10-15 00:00:00
635De41f687c324,Lacey,Levy,2485171954,2485479428,houstondesiree@neal-combs.org,VIP,2020-08-26,2024-10-15 00:00:00
FdBDDDF1f430Ff9,Kristina,Daniel,2485171955,2485479429,larajody@donovan.net,Seasonal,2021-01-19,2024-10-15 00:00:00
A02fFBcc8050E7F,Cory,Mcintyre,2485171956,2485479430,huntjade@anthony-mack.info,VIP,2020-04-06,2024-10-15 00:00:00
d3fF4F1DceACA2D,Christian,Thornton,2485171957,2485479431,gschultz@rollins.com,Base,2020-10-21,2024-10-15 00:00:00
942F09eE3f6b82c,Brent,Moses,2485171958,2485479432,george53@mcintyre.com,Premium,2021-08-06,2024-10-15 00:00:00
18C6DdeecC3A9cF,Andres,Hebert,2485171959,2485479433,nathaniel36@livingston.com,Standard,2020-07-30,2024-10-15 00:00:00
3e0b53f94bfE24a,Jerome,Bolton,2485171960,2485479434,barronfranklin@mays.com,Base,2022-03-21,2024-10-15 00:00:00
Ad94D89c739CF3A,Krystal,James,2485171961,2485479435,daryl93@pruitt-bass.com,Premium,2020-04-03,2024-10-15 00:00:00
b5B9e9F4822121A,Helen,Farmer,2485171962,2485479436,tyrone99@english.com,Premium,2021-09-11,2024-10-15 00:00:00
fcAE0CcFcDf7370,Stacie,Ali,2485171963,2485479437,huynhsydney@morgan-townsend.net,Family,2021-05-24,2024-10-15 00:00:00
CAcaAD99EF3c2D4,Tricia,Waller,2485171964,2485479438,gilesjamie@hall.com,Seasonal,2020-09-01,2024-10-15 00:00:00
4b04Da9cd34fFCE,Tina,Best,2485171965,2485479439,xzuniga@reed-shaffer.com,VIP,2021-08-09,2024-10-15 00:00:00
C428Fc5eA9E871E,Hailey,Werner,2485171966,2485479440,edwardsmelissa@blackwell-riddle.com,Seasonal,2022-04-22,2024-10-15 00:00:00
91EcFf93A80A41d,Dan,Kerr,2485171967,2485479441,garnerjeremiah@gonzales.org,Base,2021-10-16,2024-10-15 00:00:00
ebEa56Bc7778EF2,Louis,Alvarado,2485171968,2485479442,connor42@hutchinson.com,Premium,2020-01-16,2024-10-15 00:00:00
54Eea5A0Aa03cfb,Melvin,Reese,2485171969,2485479443,derrick15@gutierrez.com,Standard,2021-07-20,2024-10-15 00:00:00
A9fFBc1cDF6b0e1,Alice,Whitehead,2485171970,2485479444,cbass@orozco-friedman.com,Family,2021-10-13,2024-10-15 00:00:00
3BA2dF6Ffa587eA,Ray,Tran,2485171971,2485479445,wyattselena@branch.com,Base,2021-02-02,2024-10-15 00:00:00
B8BABDa477CcAcd,Crystal,Barry,2485171972,2485479446,kathybradshaw@anderson-steele.com,Premium,2020-02-08,2024-10-15 00:00:00
A5AcAB9A6cA761e,Melinda,Palmer,2485171973,2485479447,robbinsrandy@strickland.org,Standard,2020-04-13,2024-10-15 00:00:00
d7D3BCBeFf13f3e,Max,Stevens,2485171974,2485479448,neilpittman@daugherty-atkins.net,Family,2020-07-16,2024-10-15 00:00:00
5981DCd9b6025b6,Kylie,Pugh,2485171975,2485479449,zwood@flowers.com,Seasonal,2020-01-24,2024-10-15 00:00:00
4c1FEa0fa8AD569,Lee,Boyle,2485171976,2485479450,deanstacie@carson.com,VIP,2021-03-02,2024-10-15 00:00:00
