﻿MembershipID,FirstName,LastName,Phone1,Phone2,Email,SubscriptionType,Join date,EffectiveDate 
dE014d010c7ab0c,Andrew,Vallem,9985929834,8186942178,marieyates@gomez-spencer.info,Base,2021-07-26,2024-10-16 00:00:00
2B54172c8b65eC3,Alvin,Vallem,9985929835,8186942179,alexandra86@mccoy.com,Premium,2021-06-24,2024-10-16 00:00:00
d794Dd48988d2ac,Jenna,Vallem,9985929836,8186942180,justincurtis@pierce.org,Standard,2020-04-05,2024-10-16 00:00:00
3b3Aa4aCc68f3Be,Fernando,Vallem,9985929837,8186942181,adeleon@hubbard.org,Family,2020-11-29,2024-10-16 00:00:00
D60df62ad2ae41E,Kara,Vallem,9985929838,8186942182,jesus90@roberson.info,Seasonal,2022-04-22,2024-10-16 00:00:00
8aaa5d0CE9ee311,Marissa,Vallem,9985929839,8186942183,katieallison@leonard.com,VIP,2021-11-17,2024-10-16 00:00:00
73B22Ac8A43DD1A,Julie,Vallem,9985929840,8186942184,priscilla88@stephens.info,Seasonal,2022-03-26,2024-10-16 00:00:00
DC94CCd993D311b,Lauren,Vallem,9985929841,8186942185,colehumphrey@austin-caldwell.com,VIP,2020-08-14,2024-10-16 00:00:00
9Ba746Cb790FED9,Emily,Vallem,9985929842,8186942186,buckyvonne@church-lutz.com,Seasonal,2020-12-30,2024-10-16 00:00:00
aAa1EDfaA70DA0c,Marie,Vallem,9985929843,8186942187,christie44@mckenzie.biz,VIP,2020-09-03,2024-10-16 00:00:00
